{
  "description": "This is a system generated manifest of files expected to be present in this zip. It can be safely deleted.",
  "metadata": {
    "generated_at": "2025-03-07T10:16:18+00:00",
    "trigger": {
      "file_hashid": "unknown",
      "action": "unknown"
    }
  },
  "manifest": [
    {
      "filename": "test_questions.csv",
      "filesize": 63286,
      "description": "Test resembles Train.csv but without the target-related columns. This is the dataset on which you will apply your model to.",
      "created_at": "2018-09-07 20:43:49 UTC",
      "updated_at": "2025-03-07 10:16:08 UTC"
    },
    {
      "filename": "train_revised_11.09.2018.zip",
      "filesize": 681531,
      "description": "Train contains the target. This is the dataset that you will use to train your model.",
      "created_at": "2018-09-11 10:57:31 UTC",
      "updated_at": "2025-03-07 10:16:18 UTC"
    },
    {
      "filename": "sample_submission.csv",
      "filesize": 8290,
      "description": "Is an example of what your submission file should look like. The order of the rows does not matter, but the names of the \"ID\" must be correct.",
      "created_at": "2018-09-07 20:43:59 UTC",
      "updated_at": "2025-03-07 10:16:12 UTC"
    }
  ]
}